Transaction Hash,Status,Method,Blockno,DateTime (UTC),From,From_Nametag,To,To_Nametag,Amount,Value (USD),Txn Fee
0x9e23e2767014af492489d6a162a0eef87d3690c4b5bc243c421a843c5e3a7a7e,Success,Transfer,16844106,2023/3/17 0:55,0x6a19ded161f5c166162f920419760ae32de80304,,0x21B7A2c0F7C0C29c0Bbc55f5620Dc797c29c46B3,ParaSpace Exploit Attempt,0.725 ETH,"$1,779.69 ",0.00033197
0xe7ee3f51ba5d10d3cd112767805d2e852124e92aaa5c90fc8b7101a7eec45f3d,Success,Transfer*,16844732,2023/3/17 3:02,0x21b7a2c0f7c0c29c0bbc55f5620dc797c29c46b3,ParaSpace Exploit Attempt,0x0000000000000000000000000000000000000000,Null: 0x000...000,0 ETH,$0.00 ,0.00054401
0xdeffbe61ea00bf2ddc7ed7d37f08538ca0b1525c885f5212e72481e98eb1fbb3,Success,0x60806040,16844968,2023/3/17 3:49,0x21b7a2c0f7c0c29c0bbc55f5620dc797c29c46b3,ParaSpace Exploit Attempt,Contract Creation,,0 ETH,$0.00 ,0.00310012
0x0f2cdcffaa0c0338b9e91f344b6b9bdc896f7a0c98ae021688ef528c6c240569,Success,Set Completed,16844971,2023/3/17 3:50,0x21b7a2c0f7c0c29c0bbc55f5620dc797c29c46b3,ParaSpace Exploit Attempt,0xf937b80efE9a6DbB00C42c1eA2a768E745662e48,,0 ETH,$0.00 ,0.0005718
0xe6081b114aa97c2a36438dcc5ce4a1e22fd40527fb51657d403a8d69fb5f8b42,Success,0x60c06040,16844970,2023/3/17 3:50,0x21b7a2c0f7c0c29c0bbc55f5620dc797c29c46b3,ParaSpace Exploit Attempt,Contract Creation,,0 ETH,$0.00 ,0.04455274
0x8c4f7d5845c5696a31756d5743e6b71084aea1f87e12853c139c2384781678d9,Success,Set Completed,16844969,2023/3/17 3:50,0x21b7a2c0f7c0c29c0bbc55f5620dc797c29c46b3,ParaSpace Exploit Attempt,0xf937b80efE9a6DbB00C42c1eA2a768E745662e48,,0 ETH,$0.00 ,0.0009138
0x161427ac3bfa8047fefaf505f50dc792840c4824d4773760939aa7eaa270e3d9,Error in Main Txn : execution reverted,0x1669e531,16844975,2023/3/17 3:51,0x21b7a2c0f7c0c29c0bbc55f5620dc797c29c46b3,ParaSpace Exploit Attempt,0xC1810Fb104681d0FBA5dDC454Ff7F2FD4eB19233,,0 ETH,$0.00 ,0.12651474
0xc7c8bf8ebacaf72d4cba3f7c69c770060bd32b3892697226f9bb9a871a1c1f62,Error in Main Txn : execution reverted,0x1669e531,16845093,2023/3/17 4:14,0x21b7a2c0f7c0c29c0bbc55f5620dc797c29c46b3,ParaSpace Exploit Attempt,0xC1810Fb104681d0FBA5dDC454Ff7F2FD4eB19233,,0 ETH,$0.00 ,0.33702936
0xe92b91f4dd13218a24e7328298e4a015cdbe74f3f10ccf60666300a508186e18,Error in Main Txn : execution reverted,0x1669e531,16845200,2023/3/17 4:36,0x21b7a2c0f7c0c29c0bbc55f5620dc797c29c46b3,ParaSpace Exploit Attempt,0xC1810Fb104681d0FBA5dDC454Ff7F2FD4eB19233,,0 ETH,$0.00 ,0.19547339
