"Transaction Hash","Blockno","UnixTimestamp","DateTime (UTC)","From","To","ContractAddress","Value_IN(ETH)","Value_OUT(ETH)","CurrentValue @ $2530.1121680382/Eth","TxnFee(ETH)","TxnFee(USD)","Historical $Price/Eth","Status","ErrCode","Method"
"0x72aa08eab1ee164df0976a23c6fd911f4010e892e4d9f6c72b6ce6f42aeb160c","18625758","1700637671","2023-11-22 07:21:11","0x5e42dd64266c3852cad3d294f71b171459cf0a48","0x50275e0b7261559ce1644014d4b78d4aa63be836","","19.886736079505194","0","50315.6729373204","0.000524782070085","1.32775750109033","2064.08","","","Transfer"
"0x5689b4b7f2022ed8e70d81a867c95d1c93829510b4c69e7c3279ae964e178d5e","18626821","1700650583","2023-11-22 10:56:23","0x50275e0b7261559ce1644014d4b78d4aa63be836","0xc6495ed0586900693ce04a8b660060dae556cde4","","0","0.5","1265.0560840191","0.000558881009148","1.41403164173082","2064.08","","","Transfer"
"0x97795090511a4beeb00a546bdb502d6e4afaa82774db86fa4e275083e6422414","18626874","1700651219","2023-11-22 11:06:59","0x50275e0b7261559ce1644014d4b78d4aa63be836","0x49048044d57e1c92a77f79988d21fa8faf74e97e","","0","0.75","1897.58412602865","0.001447884107296354","3.66330919777963","2064.08","","","Deposit Transaction"
"0x00e1782fcb4900f2092c50930b6b5a7d92626525d3e35332a31364b7929c93e5","18626929","1700651903","2023-11-22 11:18:23","0x50275e0b7261559ce1644014d4b78d4aa63be836","0xf8b1378579659d8f7ee5f3c929c2f3e332e41fd6","","0","0.750150473070888","1897.96483977627","0.009252511018487654","23.4098907127831","2064.08","","","Deposit ETH"
"0x356dbdd0315a8f8b8ee83102ad92a8adf3154c2c35c909603e66cb66a2383e29","18629278","1700680271","2023-11-22 19:11:11","0x50275e0b7261559ce1644014d4b78d4aa63be836","0x5433bd5b1ffefb8368b8bda14cfeaed12ab73fd2","","0","1","2530.1121680382","0.001507919302596","3.81520497591782","2064.08","","","Transfer"
"0x9ede1b12a2e2a945a95356154d20a336db21b53fbedb502b219e1e9115b8e640","18629987","1700688827","2023-11-22 21:33:47","0x50275e0b7261559ce1644014d4b78d4aa63be836","0x99c9fc46f92e8a1c0dec1b1747d010903e884be1","","0","3","7590.3365041146","0.005866660750494796","14.843309750579","2064.08","","","Deposit ETH"
"0xcf638f8472a30555a78015a256925653b67b951f1257b12cae4d42a81d2c0490","18629996","1700688935","2023-11-22 21:35:35","0x50275e0b7261559ce1644014d4b78d4aa63be836","0xfc608d13acc36e7b2fe34c4338751c75992bc223","","0","0.5","1265.0560840191","0.00101420699541","2.5660574599963","2064.08","","","Transfer"
"0xa49d9bd7616e108bb556d366b77f4c238fbf559f0caf35825400f75e08233075","18630023","1700689259","2023-11-22 21:40:59","0x50275e0b7261559ce1644014d4b78d4aa63be836","0x4dbd4fc535ac27206064b68ffcf827b0a60bab3f","","0","2","5060.2243360764","0.003912668609607366","9.8994904586687","2064.08","","","Deposit Eth"
"0x002ccdb4a53a760cb03984db3e8e91325c4f732458d0f21603f64ebb536e4e6e","18630390","1700693687","2023-11-22 22:54:47","0x50275e0b7261559ce1644014d4b78d4aa63be836","","0xaf2acf3d4ab78e4c702256d214a3189a874cdc13","0","0","0","0.232972989594906006","589.447795798309","2064.08","","","0x60806040"
"0x485e08dc2b6a4b3aeadcb89c3d18a37666dc7d9424961a2091d6b3696792f0f3","18630392","1700693711","2023-11-22 22:55:11","0x50275e0b7261559ce1644014d4b78d4aa63be836","0xaf2acf3d4ab78e4c702256d214a3189a874cdc13","","0","0","0","0.61509556112401735","1556.26076370616","2064.08","","","0x38f39e5c"
"0x09a3a12d58b0bb80e33e3fb8e282728551dc430c65d1e520fe0009ec519d75e8","18630408","1700693903","2023-11-22 22:58:23","0x50275e0b7261559ce1644014d4b78d4aa63be836","0xaf2acf3d4ab78e4c702256d214a3189a874cdc13","","0","0","0","0.448511673969679243","1134.78484381787","2064.08","","","0x38f39e5c"
"0x396a83df7361519416a6dc960d394e689dd0f158095cbc6a6c387640716f5475","18630409","1700693915","2023-11-22 22:58:35","0x50275e0b7261559ce1644014d4b78d4aa63be836","0xaf2acf3d4ab78e4c702256d214a3189a874cdc13","","0","0","0","0.746245067753134404","1888.0837262607","2064.08","","","0x38f39e5c"
"0x32ea947c9ce134496f92be77ac55313fc323dfcae438ed6b30d7a20b630a99e6","18630612","1700696363","2023-11-22 23:39:23","0x50275e0b7261559ce1644014d4b78d4aa63be836","0xc9b826bad20872eb29f9b1d8af4befe8460b50c6","","0","0.1","253.01121680382","0.000752288674998","1.90337473048977","2064.08","","","Transfer"
"0x3af0077b4ec74e6e5b7e9fe5daee21670d0429ce60c84525f06ac0266ab8aaca","18630680","1700697179","2023-11-22 23:52:59","0x84b128f533bdf54a5bffcfdf9dadf34f395822b8","0x50275e0b7261559ce1644014d4b78d4aa63be836","","0.000000000000000001","0","0.0000000000000025301121680382","0.0007544335700682","1.90880155560605","2064.08","","","0x68692c20"
"0x7a8912583520304ce2364fa165dafe94461a91ab2dcf45dab942e296594dc40a","18630701","1700697431","2023-11-22 23:57:11","0x50275e0b7261559ce1644014d4b78d4aa63be836","0x8180a5ca4e3b94045e05a9313777955f7518d757","","0","0","0","0.000723329909068664","1.83010580444059","2064.08","","","0x44656172"
"0x25fb77dc1f84e0b73c00c23fdfccda05d0eae65f57485a536a3adc94ddc22166","18630766","1700698211","2023-11-23 00:10:11","0xb9674567fc1100637dcd5f2af463989ab72383e9","0x50275e0b7261559ce1644014d4b78d4aa63be836","","0.000069","0","0.174577739594636","0.001037738261096856","2.62559420163996","2062.63","","","0x48657920"
"0x2d18711504a81f6cb97be877c909999a797abc0833e232d8c1340fed266908c8","18630770","1700698259","2023-11-23 00:10:59","0x96da1d88081517a216601a5be1d5a32b861be68c","0x50275e0b7261559ce1644014d4b78d4aa63be836","","0","0","0","0.000670176918683712","1.69562277670001","2062.63","","","0x4920616d"
"0x6c160b008d4a8c3181b492c754bf25b29f12992e143b9370b9f7a81e16b5d44d","18630795","1700698559","2023-11-23 00:15:59","0xa8d1a7b6773746fe97a36203968a09328c36ae6b","0x50275e0b7261559ce1644014d4b78d4aa63be836","","0","0","0","0.000691852183217208","1.75046362724165","2062.63","","","0x686f7720"
"0xb4d840731620d488d8bdda517de3ed4d34101d49ce676faa14802d42c40fca95","18630811","1700698751","2023-11-23 00:19:11","0x1ba02123ffc4ec745638599fab3c12905ab4de99","0x50275e0b7261559ce1644014d4b78d4aa63be836","","0","0","0","0.0007593184650282","1.92116088778394","2062.63","","","0x6d616420"
"0xb14f1c6d9bb063a3b2f4b3566c4ae694b56a18f25fe9168f6b5e6e4f17f78644","18630821","1700698871","2023-11-23 00:21:11","0x1ba02123ffc4ec745638599fab3c12905ab4de99","0x50275e0b7261559ce1644014d4b78d4aa63be836","","0","0","0","0.000773154257448048","1.95616699453985","2062.63","","","0x6d616420"
"0x4b5d4c7db7525438d6cb076d8514adee47827e1e1b30b06d4996c7dc9e9587ff","18630834","1700699027","2023-11-23 00:23:47","0x4c2bad6ded85c73dec25930c4d88d72a93512eff","0x50275e0b7261559ce1644014d4b78d4aa63be836","","0","0","0","0.000711590871500136","1.8004047226474","2062.63","","","0x706c7a20"
"0x9f965d3a89a00d6b4d0e8d356dd2932988dda2e67dcc5d172f10eba515e4dcef","18631292","1700704547","2023-11-23 01:55:47","0x000000093e55f433fb57a32aa5d5fe717b3f7ab1","0x50275e0b7261559ce1644014d4b78d4aa63be836","","0","0","0","0.000856178838671448","2.16622849773945","2062.63","","","0x68692e20"
"0xe10d1e92dbf27a57650cfaaf8c7c33b9c20dff8cff402544ce45e9633c07f87d","18631509","1700707187","2023-11-23 02:39:47","0xf4419ff36675631b4fe6939543b6ea0a717d72e1","0x50275e0b7261559ce1644014d4b78d4aa63be836","","0","0","0","0.00099430063787044","2.51569214256414","2062.63","","","0x68617920"
"0x9df031616f067af656c13bef36620ff3ee77024a7fcceb4e2419e326c59a58de","18633673","1700733371","2023-11-23 09:56:11","0xf7401728edd23290d8099ed73f155101dcf8cc0c","0x50275e0b7261559ce1644014d4b78d4aa63be836","","0","0","0","0.000694512","1.75719326204855","2062.63","","","0x44656172"
"0xa0efb52d700b944cc7b0a92787fabb4a6afd6befdf9a90938124bacb074fd522","18636176","1700763575","2023-11-23 18:19:35","0x96e85aeade14e84992cdb6482512d3853f8e71b8","0x50275e0b7261559ce1644014d4b78d4aa63be836","","0","0","0","0.000772029618444","1.95332153171105","2062.63","","","Transfer"
"0x9d8645e760b77e9615d2475093d47335481e4f4e0ac57d7f298afe11a6392860","18637617","1700781071","2023-11-23 23:11:11","0x417c33c20f42ae0bcdcc4114bd22608e132aec8c","0x50275e0b7261559ce1644014d4b78d4aa63be836","","0","0","0","0.00106012687977444","2.68223991818168","2062.63","","","0x506c6561"
"0xb3faf9010eed1d7cf92760dbb019cd85e8bd580299bff1f76dc4ea0a60711909","18639038","1700798303","2023-11-24 03:58:23","0x36a050412491e75c0c15a0a12e12eb287ffc5a26","0x50275e0b7261559ce1644014d4b78d4aa63be836","","0","0","0","0.00052532","1.32911852411383","2082.24","","","0x49206265"
"0xfeb8bd91320ed818cefd72aba25d48f4b50964549681096d6fae3d2320c75743","18639527","1700804231","2023-11-24 05:37:11","0x8180a5ca4e3b94045e05a9313777955f7518d757","0x50275e0b7261559ce1644014d4b78d4aa63be836","","0","0","0","0.000632062362350904","1.59918867394299","2082.24","","","0x596f7520"
"0xc66752d927bb329975b7252aaf7ff63f5b0e930f9a67846f9105c602327ff1d1","18642128","1700835707","2023-11-24 14:21:47","0xcc98cfdc5f5480d8dd0a0d0a7f80506eb30d5159","0x50275e0b7261559ce1644014d4b78d4aa63be836","","0","0","0","0.0012875966297658","3.25776390049543","2082.24","","","0x596f7520"
"0xdaebae4aae8d7c30a14008a680534ced074f96f767acec81a37eef733163287e","18642935","1700845451","2023-11-24 17:04:11","0x417c33c20f42ae0bcdcc4114bd22608e132aec8c","0x50275e0b7261559ce1644014d4b78d4aa63be836","","0","0","0","0.00103213233155028","2.611410571081","2082.24","","","0x506c6561"
"0xbd4d976bd32a45be5fb752f42e7d82827ea3eaae84e8d900deb5375c419e239d","18644739","1700867315","2023-11-24 23:08:35","0x4ded75f19398c805367f7eb3e92a4c1bc4c96d6a","0x50275e0b7261559ce1644014d4b78d4aa63be836","","0.000000000000000001","0","0.0000000000000025301121680382","0.0006966","1.76247613625541","2082.24","","","0x0ae2ac9c"
