"Transaction Hash","Blockno","UnixTimestamp","DateTime (UTC)","From","To","ContractAddress","Value_IN(ETH)","Value_OUT(ETH)","CurrentValue @ $2614.53389435014/Eth","TxnFee(ETH)","TxnFee(USD)","Historical $Price/Eth","Status","ErrCode","Method"
"0x494b578bce7572e4fb8b1357ddf12754a28eec3439a62f6b14432dacda9cbb76","14684300","1651304314","2022-04-30 07:38:34","0x63341ba917de90498f3903b199df5699b4a55ac0","","0x7336f819775b1d31ea472681d70ce7a903482191","0","0","0","0.0631707357781185","165.162029822928","2727.87","","","0x60806040"
"0x2b023d65485c4bb68d781960c2196588d03b871dc9eb1c054f596b7ca6f7da56","14684307","1651304424","2022-04-30 07:40:24","0x63341ba917de90498f3903b199df5699b4a55ac0","0x7336f819775b1d31ea472681d70ce7a903482191","","0","0","0","0.06182603679307773","161.646268748841","2727.87","","","0xaf8271f7"
"0x59874e9807c84aade15b90d256e7246de7ae49d2b1fb759b2eb961be816a825f","14684312","1651304526","2022-04-30 07:42:06","0x63341ba917de90498f3903b199df5699b4a55ac0","0xc02aaa39b223fe8d0a0e5c4f27ead9083c756cc2","","0","0","0","0.001290651736117","3.37445270987975","2727.87","","","Withdraw"
"0x02f52cea022a83b3c0477eb0f082de0092b7560fab48094c66c3c44eb0c05ff8","14684325","1651304690","2022-04-30 07:44:50","0x63341ba917de90498f3903b199df5699b4a55ac0","0xd90e2f925da726b50c4ed8d0fb90ad053324f31b","","0","100","261453.389435014","0.0305051970708037","79.7568716954469","2727.87","","","Deposit"
"0x55dd83540b9011852b3fe4ce2f825fef96087ae52fc75de0ebab8e2ff34363ab","14684335","1651304787","2022-04-30 07:46:27","0x63341ba917de90498f3903b199df5699b4a55ac0","0xd90e2f925da726b50c4ed8d0fb90ad053324f31b","","0","100","261453.389435014","0.02600518977880264","67.9914501056873","2727.87","","","Deposit"
"0x2e468833a81f23acf2d173743a0565a2a0c48107852b513f27a4b431a260fedb","14684340","1651304807","2022-04-30 07:46:47","0x63341ba917de90498f3903b199df5699b4a55ac0","0xd90e2f925da726b50c4ed8d0fb90ad053324f31b","","0","100","261453.389435014","0.02441179004331872","63.8254524900161","2727.87","","","Deposit"
"0xa2c41910680b72e5ea236304b89cf5af9630a6f440649f50653235f10bf17492","14684421","1651305806","2022-04-30 08:03:26","0x63341ba917de90498f3903b199df5699b4a55ac0","","0xcc9603cd5338e6d20eb72ba5172cf359dc2539f6","0","0","0","0.05584760733343815","146.015462291632","2727.87","","","0x60806040"
"0xd9bc83688e8eddde39bd9073c363665b1419d475dd4498e81b52cce41d7c76b3","14684432","1651305870","2022-04-30 08:04:30","0x63341ba917de90498f3903b199df5699b4a55ac0","0xcc9603cd5338e6d20eb72ba5172cf359dc2539f6","","0","0","0","0.047218985817949851","123.455638877868","2727.87","Error(0)","Out of gas","0xaf8271f7"
"0x56cf6d3f402e521e3d8c369e4cc249a64c20b14eea47501ec82261f15e4a1475","14684510","1651306983","2022-04-30 08:23:03","0x63341ba917de90498f3903b199df5699b4a55ac0","","0x797418a5d9dad50ecc0851e0cc23c61ef4c1b9bf","0","0","0","0.074664060786264642","195.211717615508","2727.87","","","0x60806040"
"0xe7e0474793aad11875c131ebd7582c8b73499dd3c5a473b59e6762d4e373d7b8","14684518","1651307063","2022-04-30 08:24:23","0x63341ba917de90498f3903b199df5699b4a55ac0","0x797418a5d9dad50ecc0851e0cc23c61ef4c1b9bf","","0","0","0","0.0549585103208512","143.690888016857","2727.87","","","0xaf8271f7"
"0x5e226cc6a99bfde963450a9e8ee01d989b63cbc5d05bb60a9e2cf824d3b91c05","14684524","1651307148","2022-04-30 08:25:48","0x63341ba917de90498f3903b199df5699b4a55ac0","0xc02aaa39b223fe8d0a0e5c4f27ead9083c756cc2","","0","0","0","0.00099717008435216","2.60713498397071","2727.87","","","Withdraw"
"0xfd49705bc944b17136effd44d6055a679b0c714eca4197fec9b56ce78dc07659","14684728","1651310016","2022-04-30 09:13:36","0x991af4a843a40fd0b7fb5af463c0f7b545243f27","0x63341ba917de90498f3903b199df5699b4a55ac0","","0","0","0","0.001037979545216112","2.71383270260967","2727.87","","","0x49206c6f"
"0x768e07ac7525dad6059047fb6a1b8a61270d1891438fb7ef8cb3421adf53d40b","14685356","1651318590","2022-04-30 11:36:30","0xfee345fcd83ce10c744504c264f7f954cfd1fc05","0x63341ba917de90498f3903b199df5699b4a55ac0","","0","0","0","0.001601352","4.18678908078539","2727.87","","","0x646f6e61"
"0x25b65bc135dd7a20d74974499cbf705b7f168004557dfe6d46fa3896dc87db0e","14685454","1651320045","2022-04-30 12:00:45","0x63341ba917de90498f3903b199df5699b4a55ac0","0xd90e2f925da726b50c4ed8d0fb90ad053324f31b","","0","100","261453.389435014","0.030573470984990032","79.935376158187","2727.87","","","Deposit"
"0xff1b71557228cb82152e5a71755ea3ab63c8e603883250b89f31602bd98e7193","14685473","1651320325","2022-04-30 12:05:25","0x63341ba917de90498f3903b199df5699b4a55ac0","0xd90e2f925da726b50c4ed8d0fb90ad053324f31b","","0","100","261453.389435014","0.03681425112978184","96.2521073739326","2727.87","","","Deposit"
"0x3e036210990e26c7d4b522975b29d054f8b1bc92d60510f1bb959e0c8e1d653e","14685482","1651320421","2022-04-30 12:07:01","0x63341ba917de90498f3903b199df5699b4a55ac0","0xd90e2f925da726b50c4ed8d0fb90ad053324f31b","","0","100","261453.389435014","0.032854568794016672","85.899383696215","2727.87","","","Deposit"
"0x4668ddc2b7d6a11f70693ceb15f97a869d4b1d143ba97046a4029894b175dd60","14685487","1651320470","2022-04-30 12:07:50","0x63341ba917de90498f3903b199df5699b4a55ac0","0xd90e2f925da726b50c4ed8d0fb90ad053324f31b","","0","100","261453.389435014","0.03574551128860348","93.4578508349294","2727.87","","","Deposit"
"0xea884bf1b20cfdcaba088d145de0811e785d395c175cbc744ca5d42197246e34","14685492","1651320548","2022-04-30 12:09:08","0x63341ba917de90498f3903b199df5699b4a55ac0","0xd90e2f925da726b50c4ed8d0fb90ad053324f31b","","0","100","261453.389435014","0.0316939871498976","82.8650036505051","2727.87","","","Deposit"
"0x9a3222006cf95d483d5433b62eef99a59e60cf179dfea02df1069a5aec170770","14685496","1651320606","2022-04-30 12:10:06","0x63341ba917de90498f3903b199df5699b4a55ac0","0xd90e2f925da726b50c4ed8d0fb90ad053324f31b","","0","100","261453.389435014","0.0335973935126461","87.8415241006328","2727.87","","","Deposit"
"0x684e7f70e3d2b4be0dd049d560e063b3b40d8491a62dafc15bd01af828daa2ec","14687276","1651344625","2022-04-30 18:50:25","0x63341ba917de90498f3903b199df5699b4a55ac0","0xd90e2f925da726b50c4ed8d0fb90ad053324f31b","","0","100","261453.389435014","0.053074978032905208","138.76632900892","2727.87","","","Deposit"
"0x4192c17edd1880bbc0407ad1a78b73326433945152fff281f8c717f5920e6505","14687285","1651344707","2022-04-30 18:51:47","0x63341ba917de90498f3903b199df5699b4a55ac0","0xd90e2f925da726b50c4ed8d0fb90ad053324f31b","","0","100","261453.389435014","0.0399735147279964","104.512109132651","2727.87","","","Deposit"
"0x4999a876c43af99810782e337d0a4f4dddfaaeb4b0bedeff3fd776472eec423b","14687290","1651344756","2022-04-30 18:52:36","0x63341ba917de90498f3903b199df5699b4a55ac0","0xd90e2f925da726b50c4ed8d0fb90ad053324f31b","","0","100","261453.389435014","0.038006880572737536","99.3702774759402","2727.87","","","Deposit"
"0xf4a58476b1e5866f6dd431587083fff9d65e448e6a0937af1227640e2a971226","14687297","1651344848","2022-04-30 18:54:08","0x63341ba917de90498f3903b199df5699b4a55ac0","0xd90e2f925da726b50c4ed8d0fb90ad053324f31b","","0","100","261453.389435014","0.039705673655621632","103.811829570628","2727.87","","","Deposit"
"0x144f42140fcfc178c69736ffc4f8bb9dd36f74532573a6e24632039c62f6b085","14687299","1651344883","2022-04-30 18:54:43","0x63341ba917de90498f3903b199df5699b4a55ac0","0xd90e2f925da726b50c4ed8d0fb90ad053324f31b","","0","100","261453.389435014","0.043355595073488844","113.354672829357","2727.87","","","Deposit"
"0x5d016636fb3807937ed1eea95508cfa9d37445e41e8433ea3fc40fd1fa9dd926","14688309","1651358756","2022-04-30 22:45:56","0xd690758a425ed7b2e3a225c2b40bc65300c67d4f","0x63341ba917de90498f3903b199df5699b4a55ac0","","0","0","0","0.0012886513189648","3.36922255143248","2727.87","","","0x49662079"
"0xe389f5f417ae2929d8b32b40d6a72216e666db2d222c1f250b71df24307941c3","14696605","1651471130","2022-05-02 05:58:50","0x63341ba917de90498f3903b199df5699b4a55ac0","0xd90e2f925da726b50c4ed8d0fb90ad053324f31b","","0","100","261453.389435014","0.0439055358519717","114.792511634585","2856.12","","","Deposit"
"0x7582cd5649c98298b8677d808e6ec0f6f784d7bab4232ca90d2eb840aa718bd3","14696616","1651471279","2022-05-02 06:01:19","0x63341ba917de90498f3903b199df5699b4a55ac0","0xd90e2f925da726b50c4ed8d0fb90ad053324f31b","","0","100","261453.389435014","0.051120003111908416","133.654980815369","2856.12","","","Deposit"
"0xc6d1a51bb3dec9f62587a38efbf286ae8c30a393aa1ea3e17ed955e3cee44bfb","14696621","1651471361","2022-05-02 06:02:41","0x63341ba917de90498f3903b199df5699b4a55ac0","0xd90e2f925da726b50c4ed8d0fb90ad053324f31b","","0","100","261453.389435014","0.05163689141394672","135.006402800641","2856.12","","","Deposit"
"0xbf94d25b508d4ddcf8d7762ebf8dfe8aa01d9e37d7cd54c780ddd94f85122aa2","14696625","1651471438","2022-05-02 06:03:58","0x63341ba917de90498f3903b199df5699b4a55ac0","0xd90e2f925da726b50c4ed8d0fb90ad053324f31b","","0","100","261453.389435014","0.0561583388225496","146.827880301955","2856.12","","","Deposit"
"0x7e30c8d716219c18c3b55d7532a3ba7d0b4a575ad370c4387eeb485e4a6ec14e","14696633","1651471535","2022-05-02 06:05:35","0x63341ba917de90498f3903b199df5699b4a55ac0","0xd90e2f925da726b50c4ed8d0fb90ad053324f31b","","0","100","261453.389435014","0.04395066604778272","114.910506061192","2856.12","","","Deposit"
"0x28bf59f1a5d215e5738428127ca6650ba421c66cf5c75653befc2dc9d26f169d","14704803","1651583052","2022-05-03 13:04:12","0x63341ba917de90498f3903b199df5699b4a55ac0","0xd90e2f925da726b50c4ed8d0fb90ad053324f31b","","0","1","2614.53389435014","0.04667818075914088","122.041685721376","2780.63","","","Deposit"
"0xe8948da04df056112739e4c710c3c3bbe81d3bd5ba38c5179dad25e01defa833","14711784","1651678771","2022-05-04 15:39:31","0x63341ba917de90498f3903b199df5699b4a55ac0","0xd90e2f925da726b50c4ed8d0fb90ad053324f31b","","0","100","261453.389435014","0.042692331516944016","111.620547779883","2940.31","","","Deposit"
"0xacc0cca6ba6c25aa0c470549e5d14fd4234e3d40bdc3806f9ac94c8f894fdaa4","14711793","1651678917","2022-05-04 15:41:57","0x63341ba917de90498f3903b199df5699b4a55ac0","0xd90e2f925da726b50c4ed8d0fb90ad053324f31b","","0","100","261453.389435014","0.0511395241106487","133.706019128227","2940.31","","","Deposit"
"0x1ab74bc773f5f31a5dbf3d2977d131983aa94d8220edbf99907be6308295ade6","14711796","1651678970","2022-05-04 15:42:50","0x63341ba917de90498f3903b199df5699b4a55ac0","0xd90e2f925da726b50c4ed8d0fb90ad053324f31b","","0","100","261453.389435014","0.055034279935088344","143.888990241442","2940.31","","","Deposit"
"0xe682ebca8347f57f49f2b699bf7be210cfc9ce938efca68b55cbab78a82eb419","14711800","1651679026","2022-05-04 15:43:46","0x63341ba917de90498f3903b199df5699b4a55ac0","0xd90e2f925da726b50c4ed8d0fb90ad053324f31b","","0","100","261453.389435014","0.049961538078419204","130.626134719892","2940.31","","","Deposit"
"0xb2d1ee09e3197a1ea6943d783f9e8789fbd9ae85a3849be0fec25371adb5883c","14711822","1651679240","2022-05-04 15:47:20","0x63341ba917de90498f3903b199df5699b4a55ac0","0xd90e2f925da726b50c4ed8d0fb90ad053324f31b","","0","100","261453.389435014","0.03615336976610632","94.5242106484586","2940.31","","","Deposit"
"0x2180b11550d1a02eaf2e89f6fe31885d2ea93d730d3fc95d32ff35a009c3d5a8","14724066","1651847517","2022-05-06 14:31:57","0x63341ba917de90498f3903b199df5699b4a55ac0","0xd90e2f925da726b50c4ed8d0fb90ad053324f31b","","0","100","261453.389435014","0.081991304522034832","214.369044714844","2692.08","","","Deposit"
"0x34fa3463b98d68eac046c0cdf455daa73411c2fb6bac111ab6d439e39255e8a5","14724220","1651849417","2022-05-06 15:03:37","0x63341ba917de90498f3903b199df5699b4a55ac0","0xd90e2f925da726b50c4ed8d0fb90ad053324f31b","","0","100","261453.389435014","0.045604561721476368","119.234672357783","2692.08","","","Deposit"
"0xed1232cc9c2154001705a7cf6124e4130b46dbe1764bcca12836ded400252b8f","14724227","1651849470","2022-05-06 15:04:30","0x63341ba917de90498f3903b199df5699b4a55ac0","0xd90e2f925da726b50c4ed8d0fb90ad053324f31b","","0","100","261453.389435014","0.04314942508157956","112.815634397512","2692.08","","","Deposit"
"0xa11490e432d1647c8a1fe47e0329f42b510bbb905eeb2fdb2711f0dae1ab25b5","14724228","1651849472","2022-05-06 15:04:32","0x63341ba917de90498f3903b199df5699b4a55ac0","0xd90e2f925da726b50c4ed8d0fb90ad053324f31b","","0","100","261453.389435014","0.04004753930228612","104.705648891146","2692.08","","","Deposit"
"0xc66cb3025c746998651fd42f9df2e96d4ba4ea4badaa3fb748a02c1f7a2f276e","14724231","1651849524","2022-05-06 15:05:24","0x63341ba917de90498f3903b199df5699b4a55ac0","0xd90e2f925da726b50c4ed8d0fb90ad053324f31b","","0","100","261453.389435014","0.046220857635641","120.845998914316","2692.08","","","Deposit"
"0xf22e7163f92cbd28f1a3dedc3af4e3ff8b7627e9afc3b8b63333c90312703763","14724236","1651849593","2022-05-06 15:06:33","0x63341ba917de90498f3903b199df5699b4a55ac0","0xd90e2f925da726b50c4ed8d0fb90ad053324f31b","","0","100","261453.389435014","0.04502877982922872","117.729271084748","2692.08","","","Deposit"
"0xf8e17286a9908ae3aaf6934a886b9cca553d6e620fd84f9ff903eed4fab5d347","14724239","1651849624","2022-05-06 15:07:04","0x63341ba917de90498f3903b199df5699b4a55ac0","0xd90e2f925da726b50c4ed8d0fb90ad053324f31b","","0","100","261453.389435014","0.04166543243750332","108.935685330608","2692.08","","","Deposit"
"0x7d98ecf132977f733ccd1c8f9331fd947ab0b151688a7bce017f069db836f65d","14724240","1651849643","2022-05-06 15:07:23","0x63341ba917de90498f3903b199df5699b4a55ac0","0xd90e2f925da726b50c4ed8d0fb90ad053324f31b","","0","100","261453.389435014","0.046147602517754192","120.654470925666","2692.08","","","Deposit"
"0xe0546ae2f56c4a5f8535dfdebe9c04fa61e937ea7ce79b21523ec1e14c73d7e2","14742544","1652100975","2022-05-09 12:56:15","0x63341ba917de90498f3903b199df5699b4a55ac0","0xd90e2f925da726b50c4ed8d0fb90ad053324f31b","","0","100","261453.389435014","0.03493731056233432","91.3447826426602","2230.95","","","Deposit"
"0x37bb3a6515c007cf6f20741f7d517211ecb3936d16261fbbeb10b0f456dc2b02","14742551","1652101047","2022-05-09 12:57:27","0x63341ba917de90498f3903b199df5699b4a55ac0","0xd90e2f925da726b50c4ed8d0fb90ad053324f31b","","0","100","261453.389435014","0.03533198045247298","92.3766604475072","2230.95","","","Deposit"
"0xf25993376a4ac8e2ca68eb86f8e1443f3dca080e54c6819f15005d2ccd25eccf","14742553","1652101115","2022-05-09 12:58:35","0x63341ba917de90498f3903b199df5699b4a55ac0","0xd90e2f925da726b50c4ed8d0fb90ad053324f31b","","0","100","261453.389435014","0.035636971361267584","93.1740695160193","2230.95","","","Deposit"
"0x7454a54da031d773c2b0af6fe84944c318266263cd936c453ae8c5839b98707b","14742560","1652101236","2022-05-09 13:00:36","0x63341ba917de90498f3903b199df5699b4a55ac0","0xd90e2f925da726b50c4ed8d0fb90ad053324f31b","","0","100","261453.389435014","0.03951937306240964","103.324740355138","2230.95","","","Deposit"
"0xa6ea528a826590b52988d7cd9b292469bab3a6c3f9d41b8f5ab6af758ad4e417","14742564","1652101297","2022-05-09 13:01:37","0x63341ba917de90498f3903b199df5699b4a55ac0","0xd90e2f925da726b50c4ed8d0fb90ad053324f31b","","0","100","261453.389435014","0.04513899237886278","118.017425531349","2230.95","","","Deposit"
"0x7345189800405110ecbfaf761c6caf1fce3540c948f465a829a4f3056d633eef","14742572","1652101366","2022-05-09 13:02:46","0x63341ba917de90498f3903b199df5699b4a55ac0","0xd90e2f925da726b50c4ed8d0fb90ad053324f31b","","0","100","261453.389435014","0.038574569486263104","100.8545193818","2230.95","","","Deposit"
"0x1022e9f3319572d8d950b8eddf008af7dde7eae2a9a1b8a054ef1db5672a7ac4","14742576","1652101427","2022-05-09 13:03:47","0x63341ba917de90498f3903b199df5699b4a55ac0","0xd90e2f925da726b50c4ed8d0fb90ad053324f31b","","0","100","261453.389435014","0.039231040533468064","102.570885185376","2230.95","","","Deposit"
"0x8e011fd85a5e961a018abfbc858348437c9a1ff10b6d21cc77af06585fdc5016","14742584","1652101538","2022-05-09 13:05:38","0x63341ba917de90498f3903b199df5699b4a55ac0","0xd90e2f925da726b50c4ed8d0fb90ad053324f31b","","0","10","26145.3389435014","0.03450450747675992","90.2132043058466","2230.95","","","Deposit"
"0xfe029c0fdec2423621dc160857d56b07d74f41433734effaf3ae6c8709be71c6","14742586","1652101565","2022-05-09 13:06:05","0x63341ba917de90498f3903b199df5699b4a55ac0","0xd90e2f925da726b50c4ed8d0fb90ad053324f31b","","0","10","26145.3389435014","0.041919730585579172","109.600556458023","2230.95","","","Deposit"
"0x2e62317a3cce89afe82b62eee852faa44ca6d1b5914d3eca2fb6e26ed0121388","14742596","1652101713","2022-05-09 13:08:33","0x63341ba917de90498f3903b199df5699b4a55ac0","0xd90e2f925da726b50c4ed8d0fb90ad053324f31b","","0","10","26145.3389435014","0.037852439557431632","98.966486206745","2230.95","","","Deposit"
"0x815aef2923f29d8bfad1fc68a3d3943148d262f7f136560f5870987c1ebf4ca8","14749723","1652202038","2022-05-10 17:00:38","0x5c61cf2d69623de5bd934455489c2328f814c19d","0x63341ba917de90498f3903b199df5699b4a55ac0","","0.00001","0","0.0261453389435014","0.00142946850911592","3.73739386798973","2341.58","","","0x44656172"
